<?xml version="1.0" ?>

<container xmlns="http://symfony.com/schema/dic/services"
           xmlns:xsi="http://www.w3.org/2001/XMLSchema-instance"
           xsi:schemaLocation="http://symfony.com/schema/dic/services http://symfony.com/schema/dic/services/services-1.0.xsd">

    <imports>
        <import resource="services/backend.xml"/>
        <import resource="services/components.xml"/>
        <import resource="services/decorators.xml"/>
        <import resource="services/paypal_bundle.xml"/>
        <import resource="services/resources.xml"/>
        <import resource="services/subscribers.xml"/>
    </imports>
</container>
