<?xml version="1.0" ?>

<container xmlns="http://symfony.com/schema/dic/services"
           xmlns:xsi="http://www.w3.org/2001/XMLSchema-instance"
           xsi:schemaLocation="http://symfony.com/schema/dic/services http://symfony.com/schema/dic/services/services-1.0.xsd">

    <services>

        <service id="paypal_unified.payment_resource"
                 class="SwagPaymentPayPalUnified\PayPalBundle\Resources\PaymentResource"
                 public="true">
            <argument type="service" id="paypal_unified.client_service"/>
        </service>

        <service id="paypal_unified.sale_resource"
                 class="SwagPaymentPayPalUnified\PayPalBundle\Resources\SaleResource"
                 public="true">
            <argument type="service" id="paypal_unified.client_service"/>
        </service>

        <service id="paypal_unified.refund_resource"
                 class="SwagPaymentPayPalUnified\PayPalBundle\Resources\RefundResource"
                 public="true">
            <argument type="service" id="paypal_unified.client_service"/>
        </service>

        <service id="paypal_unified.authorization_resource"
                 class="SwagPaymentPayPalUnified\PayPalBundle\Resources\AuthorizationResource"
                 public="true">
            <argument type="service" id="paypal_unified.client_service"/>
        </service>

        <service id="paypal_unified.capture_resource"
                 class="SwagPaymentPayPalUnified\PayPalBundle\Resources\CaptureResource"
                 public="true">
            <argument type="service" id="paypal_unified.client_service"/>
        </service>

        <service id="paypal_unified.order_resource"
                 class="SwagPaymentPayPalUnified\PayPalBundle\Resources\OrderResource"
                 public="true">
            <argument type="service" id="paypal_unified.client_service"/>
        </service>

        <service id="paypal_unified.installments_resource"
                 class="SwagPaymentPayPalUnified\PayPalBundle\Resources\InstallmentsResource"
                 public="true">
            <argument type="service" id="paypal_unified.client_service"/>
        </service>

        <service id="paypal_unified.webhook_resource"
                 class="SwagPaymentPayPalUnified\PayPalBundle\Resources\WebhookResource"
                 public="true">
            <argument type="service" id="paypal_unified.client_service"/>
        </service>
    </services>
</container>
